{
 "name": "flare",
 "children": [
  {
   "name": "Argentiina",
   "children": [
    {"name": "Actors", "value":3416, "read": "Argentine Armed Forces; a diverse spectrum of groups and parties associated with Peronism; social organizations; guerrilla movements active since the previous decade"},
    {
     "name": "Key Historical Events",
     "children": [
      {"name": "1973-1976", "value": 3534, "read": "A period of three Peronist administrations during which the country experienced a climate of violence and generalised instability, as part of the struggle for power between the different factions of this movement. The end of this period was marked by a series of politically motivated deaths."},
      {"name": "1976-1977", "value": 5731, "read": "<br><br>1976 - Coup d’état: On 24 March, the Argentine armed forces, led by Jorge Rafael Videla, overthrew María Estela Martínez de Perón and installed a military junta in the government, ushering in a new period of dictatorship in the country. The state apparatus was militarised, and systematic political persecution of the population began.The number of arrests, murders, cases of torture and abductions of children during this period are considered evidence of state terrorism. The exact number of victims is still disputed, but estimates put the number of disappeared prisoners at around 30,000. 1977: Groups of mothers of disappeared prisoners began to meet regularly in the Plaza de Mayo in front of the Ministry of the Interior."},
      {"name": "1979-1982", "value": 7840, "read": "<br><br>1979: A mission from the Inter-American Commission on Human Rights visited the country. It investigated cases of forcibly disappeared prisoners and collected numerous testimonies from relatives of the victims. 1982: Guerra de las Malvinas/Falklands War. The military junta launched a war over the Malvinas Islands, which caused many casualties and ended in June with a defeat at the hands of the United Kingdom.1982: A year during which numerous demonstrations against the dictatorship occurred, with mass marches such as the Marcha pan, paz y trabajo (in April) and the Marcha por la vida (in October)."},
      {"name": "1983-1985", "value": 5914, "read": "\n 1983: In December, after elections, Raúl Alfonsín is sworn in as president. \n 1985: Juicio a las Juntas. The high commanders of the military juntas that ran the government during the dictatorship are tried and sentenced for crimes committed during the period."}
     
     ]
    },
    {
     "name": "Memory Initiatives",
     "children": [
      {"name": "1984", "value": 3534, "read": ""},
      {"name": "2002-2006", "value": 5731, "read": ""},
      {"name": "2003", "value": 7840, "read": ""},
      {"name": "2011", "value": 5914, "read": ""}
      
     ]
    },
    {
     "name": "Sites of Memory",
     "children": [
      {"name": "Year 1", "value": 3534, "read": ""},
      {"name": "Year 1", "value": 5731, "read": ""},
      {"name": "Year 1", "value": 7840, "read": ""},
      {"name": "Year 1", "value": 5914, "read": ""},
      {"name": "Year 1", "value": 3416, "read": ""}
     ]
    },
    {
     "name": "Organizations",
     "children": [
      {"name": "1974", "value": 3534, "read": ""},
      {"name": "1975", "value": 5731, "read": ""},
      {"name": "1977", "value": 7840, "read": ""},
      {"name": "1983", "value": 5914, "read": ""}
     
     ]
    },
    {"name": "Issues Specific to Countries", "value": 2000, "read": ""}
   ]
  },
  {
   "name": "Bolivia",
   "children": [
    {
     "name": "Actors",
     "children": [
      {"name": "Year 1", "value": 3938, "read": ""},
      {"name": "Year 2", "value": 3812, "read": ""},
      {"name": "Year 3", "value": 6714, "read": ""},
      {"name": "Year 4", "value": 743, "read": ""},
      {"name": "Year 4", "value": 743, "read": ""}
     ]
    },
    {
     "name": "Key Historical Events",
     "children": [
      {"name": "Year 1", "value": 3534, "read": ""},
      {"name": "Year 1", "value": 5731, "read": ""},
      {"name": "Year 1", "value": 7840, "read": ""},
      {"name": "Year 1", "value": 5914, "read": ""},
      {"name": "Year 1", "value": 3416, "read": ""}
     ]
    },
    {
     "name": "Memory Initiatives",
     "children": [
      {"name": "Year 1", "value": 3534, "read": ""},
      {"name": "Year 1", "value": 5731, "read": ""},
      {"name": "Year 1", "value": 7840, "read": ""},
      {"name": "Year 1", "value": 5914, "read": ""},
      {"name": "Year 1", "value": 3416, "read": ""}
     ]
    },
    {
     "name": "Sites of Memory",
     "children": [
      {"name": "Year 1", "value": 3534, "read": ""},
      {"name": "Year 1", "value": 5731, "read": ""},
      {"name": "Year 1", "value": 7840, "read": ""},
      {"name": "Year 1", "value": 5914, "read": ""},
      {"name": "Year 1", "value": 3416, "read": ""}
     ]
    },
    {
     "name": "Organizations",
     "children": [
      {"name": "Year 1", "value": 3534, "read": ""},
      {"name": "Year 1", "value": 5731, "read": ""},
      {"name": "Year 1", "value": 7840, "read": ""},
      {"name": "Year 1", "value": 5914, "read": ""},
      {"name": "Year 1", "value": 3416, "read": ""}
     ]
    },
   {"name": "Issues Specific to Countries", "value": 2000, "read": ""}
   ]
  },
  {
   "name": "Brazil",
   "children": [
    {
     "name": "Actors",
     "children": [
      {"name": "Year 1", "value": 3938, "read": ""},
      {"name": "Year 2", "value": 3812, "read": ""},
      {"name": "Year 3", "value": 6714, "read": ""},
      {"name": "Year 4", "value": 743, "read": ""},
      {"name": "Year 4", "value": 743, "read": ""}
     ]
    },
    {
     "name": "Key Historical Events",
     "children": [
      {"name": "Year 1", "value": 3534, "read": ""},
      {"name": "Year 1", "value": 5731, "read": ""},
      {"name": "Year 1", "value": 7840, "read": ""},
      {"name": "Year 1", "value": 5914, "read": ""},
      {"name": "Year 1", "value": 3416, "read": ""}
     ]
    },
    {
     "name": "Memory Initiatives",
     "children": [
      {"name": "Year 1", "value": 3534, "read": ""},
      {"name": "Year 1", "value": 5731, "read": ""},
      {"name": "Year 1", "value": 7840, "read": ""},
      {"name": "Year 1", "value": 5914, "read": ""},
      {"name": "Year 1", "value": 3416, "read": ""}
     ]
    },
    {
     "name": "Sites of Memory",
     "children": [
      {"name": "Year 1", "value": 3534, "read": ""},
      {"name": "Year 1", "value": 5731, "read": ""},
      {"name": "Year 1", "value": 7840, "read": ""},
      {"name": "Year 1", "value": 5914, "read": ""},
      {"name": "Year 1", "value": 3416, "read": ""}
     ]
    },
    {
     "name": "Organizations",
     "children": [
      {"name": "Year 1", "value": 3534, "read": ""},
      {"name": "Year 1", "value": 5731, "read": ""},
      {"name": "Year 1", "value": 7840, "read": ""},
      {"name": "Year 1", "value": 5914, "read": ""},
      {"name": "Year 1", "value": 3416, "read": ""}
     ]
    },
    {"name": "Issues Specific to Countries", "value": 2000, "read": ""}
   ]
  },
  {
   "name": "Chile",
   "children": [
    {
     "name": "Actors",
     "children": [
      {"name": "Year 1", "value": 3938, "read": ""},
      {"name": "Year 2", "value": 3812, "read": ""},
      {"name": "Year 3", "value": 6714, "read": ""},
      {"name": "Year 4", "value": 743, "read": ""},
      {"name": "Year 4", "value": 743, "read": ""}
     ]
    },
    {
     "name": "Key Historical Events",
     "children": [
      {"name": "Year 1", "value": 3534, "read": ""},
      {"name": "Year 1", "value": 5731, "read": ""},
      {"name": "Year 1", "value": 7840, "read": ""},
      {"name": "Year 1", "value": 5914, "read": ""},
      {"name": "Year 1", "value": 3416, "read": ""}
     ]
    },
    {
     "name": "Memory Initiatives",
     "children": [
      {"name": "Year 1", "value": 3534, "read": ""},
      {"name": "Year 1", "value": 5731, "read": ""},
      {"name": "Year 1", "value": 7840, "read": ""},
      {"name": "Year 1", "value": 5914, "read": ""},
      {"name": "Year 1", "value": 3416, "read": ""}
     ]
    },
    {
     "name": "Sites of Memory",
     "children": [
      {"name": "Year 1", "value": 3534, "read": ""},
      {"name": "Year 1", "value": 5731, "read": ""},
      {"name": "Year 1", "value": 7840, "read": ""},
      {"name": "Year 1", "value": 5914, "read": ""},
      {"name": "Year 1", "value": 3416, "read": ""}
     ]
    },
    {
     "name": "Organizations",
     "children": [
      {"name": "Year 1", "value": 3534, "read": ""},
      {"name": "Year 1", "value": 5731, "read": ""},
      {"name": "Year 1", "value": 7840, "read": ""},
      {"name": "Year 1", "value": 5914, "read": ""},
      {"name": "Year 1", "value": 3416, "read": ""}
     ]
    },
    {"name": "Issues Specific to Countries", "value": 2000, "read": ""}
   ]
  },
  {
   "name": "Columbia",
   "children": [
    {
     "name": "Actors",
     "children": [
      {"name": "Year 1", "value": 3938, "read": ""},
      {"name": "Year 2", "value": 3812, "read": ""},
      {"name": "Year 3", "value": 6714, "read": ""},
      {"name": "Year 4", "value": 743, "read": ""},
      {"name": "Year 4", "value": 743, "read": ""}
    
     ]
    },
    {
     "name": "Key Historical Events",
     "children": [
      {"name": "Year 1", "value": 3534, "read": ""},
      {"name": "Year 1", "value": 5731, "read": ""},
      {"name": "Year 1", "value": 7840, "read": ""},
      {"name": "Year 1", "value": 5914, "read": ""},
      {"name": "Year 1", "value": 3416, "read": ""}
     ]
    },
    {
     "name": "Memory Initiatives",
     "children": [
      {"name": "Year 1", "value": 3534, "read": ""},
      {"name": "Year 1", "value": 5731, "read": ""},
      {"name": "Year 1", "value": 7840, "read": ""},
      {"name": "Year 1", "value": 5914, "read": ""},
      {"name": "Year 1", "value": 3416, "read": ""}
     ]
    },
    {
     "name": "Sites of Memory",
     "children": [
      {"name": "Year 1", "value": 3534, "read": ""},
      {"name": "Year 1", "value": 5731, "read": ""},
      {"name": "Year 1", "value": 7840, "read": ""},
      {"name": "Year 1", "value": 5914, "read": ""},
      {"name": "Year 1", "value": 3416, "read": ""}
     ]
    },
    {
     "name": "Organizations",
     "children": [
      {"name": "Year 1", "value": 3534, "read": ""},
      {"name": "Year 1", "value": 5731, "read": ""},
      {"name": "Year 1", "value": 7840, "read": ""},
      {"name": "Year 1", "value": 5914, "read": ""},
      {"name": "Year 1", "value": 3416, "read": ""}
     ]
    },
    {"name": "Issues Specific to Countries", "value": 2000, "read": ""}
   ]
  },
  {
   "name": "Ecuador",
   "children": [
    {
     "name": "Actors",
     "children": [
      {"name": "Year 1", "value": 3938, "read": ""},
      {"name": "Year 2", "value": 3812, "read": ""},
      {"name": "Year 3", "value": 6714, "read": ""},
      {"name": "Year 4", "value": 743, "read": ""},
      {"name": "Year 4", "value": 743, "read": ""}
     ]
    },
    {
     "name": "Key Historical Events",
     "children": [
      {"name": "Year 1", "value": 3534, "read": ""},
      {"name": "Year 1", "value": 5731, "read": ""},
      {"name": "Year 1", "value": 7840, "read": ""},
      {"name": "Year 1", "value": 5914, "read": ""},
      {"name": "Year 1", "value": 3416, "read": ""}
     ]
    },
    {
     "name": "Memory Initiatives",
     "children": [
      {"name": "Year 1", "value": 3534, "read": ""},
      {"name": "Year 1", "value": 5731, "read": ""},
      {"name": "Year 1", "value": 7840, "read": ""},
      {"name": "Year 1", "value": 5914, "read": ""},
      {"name": "Year 1", "value": 3416, "read": ""}
     ]
    },
    {
     "name": "Sites of Memory",
     "children": [
      {"name": "Year 1", "value": 3534, "read": ""},
      {"name": "Year 1", "value": 5731, "read": ""},
      {"name": "Year 1", "value": 7840, "read": ""},
      {"name": "Year 1", "value": 5914, "read": ""},
      {"name": "Year 1", "value": 3416, "read": ""}
     ]
    },
    {
     "name": "Organizations",
     "children": [
      {"name": "Year 1", "value": 3534, "read": ""},
      {"name": "Year 1", "value": 5731, "read": ""},
      {"name": "Year 1", "value": 7840, "read": ""},
      {"name": "Year 1", "value": 5914, "read": ""},
      {"name": "Year 1", "value": 3416, "read": ""}
     ]
    },
    {"name": "Issues Specific to Countries", "value": 2000, "read": ""}
   ]
  },
  {
   "name": "El Savador",
   "children": [
    {
     "name": "Actors",
     "children": [
      {"name": "Year 1", "value": 3938, "read": ""},
      {"name": "Year 2", "value": 3812, "read": ""},
      {"name": "Year 3", "value": 6714, "read": ""},
      {"name": "Year 4", "value": 743, "read": ""},
      {"name": "Year 4", "value": 743, "read": ""}
     ]
    },
    {
     "name": "Key Historical Events",
     "children": [
      {"name": "Year 1", "value": 3534, "read": ""},
      {"name": "Year 1", "value": 5731, "read": ""},
      {"name": "Year 1", "value": 7840, "read": ""},
      {"name": "Year 1", "value": 5914, "read": ""},
      {"name": "Year 1", "value": 3416, "read": ""}
     ]
    },
    {
     "name": "Memory Initiatives",
     "children": [
      {"name": "Year 1", "value": 3534, "read": ""},
      {"name": "Year 1", "value": 5731, "read": ""},
      {"name": "Year 1", "value": 7840, "read": ""},
      {"name": "Year 1", "value": 5914, "read": ""},
      {"name": "Year 1", "value": 3416, "read": ""}
     ]
    },
    {
     "name": "Sites of Memory",
     "children": [
      {"name": "Year 1", "value": 3534, "read": ""},
      {"name": "Year 1", "value": 5731, "read": ""},
      {"name": "Year 1", "value": 7840, "read": ""},
      {"name": "Year 1", "value": 5914, "read": ""},
      {"name": "Year 1", "value": 3416, "read": ""}
     ]
    },
    {
     "name": "Organizations",
     "children": [
      {"name": "Year 1", "value": 3534, "read": ""},
      {"name": "Year 1", "value": 5731, "read": ""},
      {"name": "Year 1", "value": 7840, "read": ""},
      {"name": "Year 1", "value": 5914, "read": ""},
      {"name": "Year 1", "value": 3416, "read": ""}
     ]
    },
   {"name": "Issues Specific to Countries", "value": 2000, "read": ""}
   ]
  },
  {
   "name": "Panama",
   "children": [
    {
     "name": "Actors",
     "children": [
      {"name": "Year 1", "value": 3938, "read": ""},
      {"name": "Year 2", "value": 3812, "read": ""},
      {"name": "Year 3", "value": 6714, "read": ""},
      {"name": "Year 4", "value": 743, "read": ""},
      {"name": "Year 4", "value": 743, "read": ""}
     ]
    },
    {
     "name": "Key Historical Events",
     "children": [
      {"name": "Year 1", "value": 3534, "read": ""},
      {"name": "Year 1", "value": 5731, "read": ""},
      {"name": "Year 1", "value": 7840, "read": ""},
      {"name": "Year 1", "value": 5914, "read": ""},
      {"name": "Year 1", "value": 3416, "read": ""}
     ]
    },
    {
     "name": "Memory Initiatives",
     "children": [
      {"name": "Year 1", "value": 3534, "read": ""},
      {"name": "Year 1", "value": 5731, "read": ""},
      {"name": "Year 1", "value": 7840, "read": ""},
      {"name": "Year 1", "value": 5914, "read": ""},
      {"name": "Year 1", "value": 3416, "read": ""}
     ]
    },
    {
     "name": "Sites of Memory",
     "children": [
      {"name": "Year 1", "value": 3534, "read": ""},
      {"name": "Year 1", "value": 5731, "read": ""},
      {"name": "Year 1", "value": 7840, "read": ""},
      {"name": "Year 1", "value": 5914, "read": ""},
      {"name": "Year 1", "value": 3416, "read": ""}
     ]
    },
    {
     "name": "Organizations",
     "children": [
      {"name": "Year 1", "value": 3534, "read": ""},
      {"name": "Year 1", "value": 5731, "read": ""},
      {"name": "Year 1", "value": 7840, "read": ""},
      {"name": "Year 1", "value": 5914, "read": ""},
      {"name": "Year 1", "value": 3416, "read": ""}
     ]
    },
    {"name": "Issues Specific to Countries", "value": 2000, "read": ""}
   ]
  },
  {
   "name": "Paraguay",
   "children": [
    {
     "name": "Actors",
     "children": [
      {"name": "Year 1", "value": 3938, "read": ""},
      {"name": "Year 2", "value": 3812, "read": ""},
      {"name": "Year 3", "value": 6714, "read": ""},
      {"name": "Year 4", "value": 743, "read": ""},
      {"name": "Year 4", "value": 743, "read": ""}
     ]
    },
    {
     "name": "Key Historical Events",
     "children": [
      {"name": "Year 1", "value": 3534, "read": ""},
      {"name": "Year 1", "value": 5731, "read": ""},
      {"name": "Year 1", "value": 7840, "read": ""},
      {"name": "Year 1", "value": 5914, "read": ""},
      {"name": "Year 1", "value": 3416, "read": ""}
     ]
    },
    {
     "name": "Memory Initiatives",
     "children": [
      {"name": "Year 1", "value": 3534, "read": ""},
      {"name": "Year 1", "value": 5731, "read": ""},
      {"name": "Year 1", "value": 7840, "read": ""},
      {"name": "Year 1", "value": 5914, "read": ""},
      {"name": "Year 1", "value": 3416, "read": ""}
     ]
    },
    {
     "name": "Sites of Memory",
     "children": [
      {"name": "Year 1", "value": 3534, "read": ""},
      {"name": "Year 1", "value": 5731, "read": ""},
      {"name": "Year 1", "value": 7840, "read": ""},
      {"name": "Year 1", "value": 5914, "read": ""},
      {"name": "Year 1", "value": 3416, "read": ""}
     ]
    },
    {
     "name": "Organizations",
     "children": [
      {"name": "Year 1", "value": 3534, "read": ""},
      {"name": "Year 1", "value": 5731, "read": ""},
      {"name": "Year 1", "value": 7840, "read": ""},
      {"name": "Year 1", "value": 5914, "read": ""},
      {"name": "Year 1", "value": 3416, "read": ""}
     ]
    },
   {"name": "Issues Specific to Countries", "value": 2000, "read": ""}
   ]
  },
  {
   "name": "Peru",
   "children": [
    {
     "name": "Actors",
     "children": [
      {"name": "Year 1", "value": 3938, "read": ""},
      {"name": "Year 2", "value": 3812, "read": ""},
      {"name": "Year 3", "value": 6714, "read": ""},
      {"name": "Year 4", "value": 743, "read": ""},
      {"name": "Year 4", "value": 743, "read": ""}
     ]
    },
    {
     "name": "Key Historical Events",
     "children": [
      {"name": "Year 1", "value": 3534, "read": ""},
      {"name": "Year 1", "value": 5731, "read": ""},
      {"name": "Year 1", "value": 7840, "read": ""},
      {"name": "Year 1", "value": 5914, "read": ""},
      {"name": "Year 1", "value": 3416, "read": ""}
     ]
    },
    {
     "name": "Memory Initiatives",
     "children": [
      {"name": "Year 1", "value": 3534, "read": ""},
      {"name": "Year 1", "value": 5731, "read": ""},
      {"name": "Year 1", "value": 7840, "read": ""},
      {"name": "Year 1", "value": 5914, "read": ""},
      {"name": "Year 1", "value": 3416, "read": ""}
     ]
    },
    {
     "name": "Sites of Memory",
     "children": [
      {"name": "Year 1", "value": 3534, "read": ""},
      {"name": "Year 1", "value": 5731, "read": ""},
      {"name": "Year 1", "value": 7840, "read": ""},
      {"name": "Year 1", "value": 5914, "read": ""},
      {"name": "Year 1", "value": 3416, "read": ""}
     ]
    },
    {
     "name": "Organizations",
     "children": [
      {"name": "Year 1", "value": 3534, "read": ""},
      {"name": "Year 1", "value": 5731, "read": ""},
      {"name": "Year 1", "value": 7840, "read": ""},
      {"name": "Year 1", "value": 5914, "read": ""},
      {"name": "Year 1", "value": 3416, "read": ""}
     ]
    },
   {"name": "Issues Specific to Countries", "value": 2000, "read": ""}
   ]
  },
  {
   "name": "Uruguay",
   "children": [
    {
     "name": "Actors",
     "children": [
      {"name": "Year 1", "value": 3938, "read": ""},
      {"name": "Year 2", "value": 3812, "read": ""},
      {"name": "Year 3", "value": 6714, "read": ""},
      {"name": "Year 4", "value": 743, "read": ""},
       {"name": "Year 4", "value": 743, "read": ""}
     ]
    },
    {
     "name": "Key Historical Events",
     "children": [
      {"name": "Year 1", "value": 3534, "read": ""},
      {"name": "Year 1", "value": 5731, "read": ""},
      {"name": "Year 1", "value": 7840, "read": ""},
      {"name": "Year 1", "value": 5914, "read": ""},
      {"name": "Year 1", "value": 3416, "read": ""}
     ]
    },
    {
     "name": "Memory Initiatives",
     "children": [
      {"name": "Year 1", "value": 3534, "read": ""},
      {"name": "Year 1", "value": 5731, "read": ""},
      {"name": "Year 1", "value": 7840, "read": ""},
      {"name": "Year 1", "value": 5914, "read": ""},
      {"name": "Year 1", "value": 3416, "read": ""}
     ]
    },
    {
     "name": "Sites of Memory",
     "children": [
      {"name": "Year 1", "value": 3534, "read": ""},
      {"name": "Year 1", "value": 5731, "read": ""},
      {"name": "Year 1", "value": 7840, "read": ""},
      {"name": "Year 1", "value": 5914, "read": ""}
    
     ]
    },
    {
     "name": "Organizations",
     "children": [
      {"name": "Year 1", "value": 3534, "read": ""},
      {"name": "Year 1", "value": 5731, "read": ""},
      {"name": "Year 1", "value": 7840, "read": ""},
      {"name": "Year 1", "value": 5914, "read": ""},
      {"name": "Year 1", "value": 3416, "read": ""}
     ]
    },
    {
     "name": "Issues Specific to Countries", "value": 2000, "read": ""}
   ]
  },
  {
   "name": "Venezuela",
   "children": [
    {
     "name": "Actors",
     "children": [
      {"name": "Year 1", "value": 3938, "read": ""},
      {"name": "Year 2", "value": 3812, "read": ""},
      {"name": "Year 3", "value": 6714, "read": ""},
      {"name": "Year 4", "value": 743, "read": ""},
      {"name": "Year 4", "value": 743, "read": ""}
     ]
    },
    {
     "name": "Key Historical Events",
     "children": [
      {"name": "Year 1", "value": 3534, "read": ""},
      {"name": "Year 1", "value": 5731, "read": ""},
      {"name": "Year 1", "value": 7840, "read": ""},
      {"name": "Year 1", "value": 5914, "read": ""},
      {"name": "Year 1", "value": 3416, "read": ""}
     ]
    },
    {
     "name": "Memory Initiatives",
     "children": [
      {"name": "Year 1", "value": 3534, "read": ""},
      {"name": "Year 1", "value": 5731, "read": ""},
      {"name": "Year 1", "value": 7840, "read": ""},
      {"name": "Year 1", "value": 5914, "read": ""},
      {"name": "Year 1", "value": 3416, "read": ""}
     ]
    },
    {
     "name": "Sites of Memory",
     "children": [
      {"name": "Year 1", "value": 3534, "read": ""},
      {"name": "Year 1", "value": 5731, "read": ""},
      {"name": "Year 1", "value": 7840, "read": ""},
      {"name": "Year 1", "value": 5914, "read": ""},
      {"name": "Year 1", "value": 3416, "read": ""}
     ]
    },
    {
     "name": "Organizations",
     "children": [
      {"name": "Year 1", "value": 3534, "read": ""},
      {"name": "Year 1", "value": 5731, "read": ""},
      {"name": "Year 1", "value": 7840, "read": ""},
      {"name": "Year 1", "value": 5914, "read": ""},
      {"name": "Year 1", "value": 3416, "read": ""}
     ]
    },
    {"name": "Issues Specific to Countries", "value":3416, "read": ""}
    ]
  }
 ]
}
